{"cameraMode":{"drawMode":0,"name":"Shaded","section":"Shading Mode"},"sceneLighting":true,"audioPlay":false,"sceneViewState":{"m_AlwaysRefresh":false,"showFog":true,"showSkybox":true,"showFlares":true,"showImageEffects":true,"showParticleSystems":true,"showVisualEffectGraphs":true,"m_FxEnabled":true},"in2DMode":false,"pivot":{"x":2.5269813537597658,"y":-2.6848201751708986,"z":0.46974706649780276},"rotation":{"x":-0.2574268877506256,"y":0.7061063051223755,"z":-0.3130520284175873,"w":-0.5806407928466797},"size":11.894156455993653,"orthographic":false}